model,accuracy,macro_f1
Logistic Regression,0.5517977528089888,0.4851102481539662
Random Forest,0.5816853932584269,0.5011832848049822
XGBoost,0.5756179775280899,0.5158744868246319
