model,accuracy,macro_f1
Logistic Regression,0.5108988764044944,0.42768911970409396
Random Forest,0.5443820224719101,0.46965449987823066
XGBoost,0.5370786516853933,0.47156056500412463
